<?xml version="1.0" encoding="UTF-8"?>
<beans xmlns="http://www.springframework.org/schema/beans"
       xmlns:xsi="http://www.w3.org/2001/XMLSchema-instance"
       xmlns:context="http://www.springframework.org/schema/context"
       xsi:schemaLocation="http://www.springframework.org/schema/beans http://www.springframework.org/schema/beans/spring-beans.xsd
		http://www.springframework.org/schema/context http://www.springframework.org/schema/context/spring-context.xsd">

  <context:component-scan base-package="com.github.binarywang.demo.wx.mp">
    <context:exclude-filter type="annotation"
                            expression="org.springframework.stereotype.Controller"/>
  </context:component-scan>

  <bean id="restTemplate" class="org.springframework.web.client.RestTemplate">
    <property name="messageConverters">
      <list>
        <bean
          class="org.springframework.http.converter.StringHttpMessageConverter">
          <constructor-arg value="UTF-8"/>
        </bean>
        <bean
          class="org.springframework.http.converter.json.MappingJackson2HttpMessageConverter"/>
      </list>
    </property>
  </bean>

</beans>
